{
    "proxyUrl": {
        "url": "proxy/?url=",
        "useCORS": [
          "http://demo.geo-solutions.it/geoserver",
          "https://demo.geo-solutions.it:443/geoserver",
          "https://demo.geo-solutions.it/geoserver",
          "https://nominatim.openstreetmap.org",
          "http://cloudsdi.geo-solutions.it",
          "https://gs-stable.geo-solutions.it/geoserver",
          "https://gs-stable.geo-solutions.it:443/geoserver"
        ]
    },
    "geoStoreUrl": "rest/geostore/",
    "mailingList": "https://groups.google.com/forum/#!forum/mapstore-users",
    "printUrl": "pdf/info.json",
    "bingApiKey": "AhuXBu7ipR1gNbBfXhtUAyCZ6rkC5PkWpxs2MnMRZ1ZupxQfivjLCch22ozKSCAn",
    "mapquestApiKey": "__API_KEY_MAPQUEST__",
    "initialMapFilter": "",
    "ignoreMobileCss": false,
    "useAuthenticationRules": true,
    "loadAfterTheme": true,
    "defaultMapOptions": {
      "cesium": {
          "flyTo": true,
          "navigationTools": true,
          "terrainProvider": {
              "type": "ellipsoid"
          }
      },
      "floatingIdentifyDelay": 1000
    },
    "localizedLayerStyles": {
      "name": "mapstore_language"
    },
    "authenticationRules": [{
        "urlPattern": ".*geostore.*",
        "method": "bearer"
      }, {
        "urlPattern": ".*rest/config.*",
        "method": "bearer"
      },
      {
        "urlPattern": "http(s)?\\:\\/\\/gs-stable\\.geo-solutions\\.it(\\:443|\\:80)?\\/geoserver/.*",
        "authkeyParamName": "authkey",
        "method": "authkey"
    }],
    "monitorState": [
      {"name": "router", "path": "router.location.pathname"},
      {"name": "browser", "path": "browser"},
      {"name": "geostorymode", "path": "geostory.mode"},
      {"name": "featuregridmode", "path": "featuregrid.mode"},
      {"name": "userrole", "path": "security.user.role"},
      {"name": "printEnabled", "path": "print.capabilities"}
    ],
    "userSessions": {
      "enabled": true
    },
    "projectionDefs": [],
    "initialState": {
      "defaultState": {
        "annotations": {
          "config": {
            "multiGeometry": true,
            "validationErrors": {}
          },
          "defaultTextAnnotation": "New"
        },
        "maptype": {
            "mapType": "{context.mode === 'desktop' ? 'openlayers' : 'leaflet'}"
        },
        "catalog": {
          "default": {
            "newService": {
                "url": "",
                "type": "wms",
                "title": "",
                "isNew": true,
                "autoload": false
            },
            "selectedService": "gs_stable_csw",
            "services": {
              "gs_stable_csw": {
                "url": "https://gs-stable.geo-solutions.it/geoserver/csw",
                "type": "csw",
                "title": "GeoSolutions GeoServer CSW",
                "autoload": true
              },
              "gs_stable_wms": {
                "url": "https://gs-stable.geo-solutions.it/geoserver/wms",
                "type": "wms",
                "title": "GeoSolutions GeoServer WMS",
                "autoload": false
              },
              "gs_stable_wmts": {
                "url": "https://gs-stable.geo-solutions.it/geoserver/gwc/service/wmts",
                "type": "wmts",
                "title": "GeoSolutions GeoServer WMTS",
                "autoload": false
              }
            },
            "staticServices": {
              "default_map_backgrounds": {
                "type": "backgrounds",
                "title": "defaultMapBackgroundsServiceTitle",
                "autoload": true,
                "backgrounds": [{
                    "type": "osm",
                    "title": "Open Street Map",
                    "name": "mapnik",
                    "source": "osm",
                    "group": "background"
                }, {
                    "type": "tileprovider",
                    "title": "NASAGIBS Night 2012",
                    "provider": "NASAGIBS.ViirsEarthAtNight2012",
                    "name": "Night2012",
                    "source": "nasagibs",
                    "group": "background"
                }, {
                    "type": "tileprovider",
                    "title": "OpenTopoMap",
                    "provider": "OpenTopoMap",
                    "name": "OpenTopoMap",
                    "source": "OpenTopoMap",
                    "group": "background"
                }, {
                    "format": "image/jpeg",
                    "group": "background",
                    "name": "s2cloudless:s2cloudless",
                    "opacity": 1,
                    "title": "Sentinel 2 Cloudless",
                    "type": "wms",
                    "url": "https://1maps.geo-solutions.it/geoserver/wms",
                    "source": "s2cloudless",
                    "singleTile": false
                }, {
                    "source": "ol",
                    "group": "background",
                    "title": "Empty Background",
                    "fixed": true,
                    "type": "empty"
                }]
              }
            }
          }
        },
        "locales": {
          "supportedLocales": {
            "it": {
              "code": "it-IT",
              "description": "Italiano"
            },
            "en": {
              "code": "en-US",
              "description": "English"
            },
            "fr": {
              "code": "fr-FR",
              "description": "Français"
            },
            "de": {
              "code": "de-DE",
              "description": "Deutsch"
            },
            "es": {
              "code": "es-ES",
              "description": "Español"
            }
          }
        }
      }
    },
    "plugins": {
        "mobile": [{
                "name": "Map",
                "cfg": {
                    "mapOptions": {
                      "openlayers": {
                        "interactions": {
                          "pinchRotate": false,
                          "altShiftDragRotate": false
                        }
                      }
                    }
                }
            }, "Version", "DrawerMenu",
            {
                "name": "BackgroundSelector",
                "cfg": {
                    "bottom": 25,
                    "dimensions": {
                    "side": 65,
                    "sidePreview": 65,
                    "frame": 3,
                    "margin": 5,
                    "label": false,
                    "vertical": true
                   }
                }
            },
            {
                "name": "Identify",
                "showIn": ["Settings"],
                "cfg": {
                    "showFullscreen": true,
                    "position": "bottom",
                    "size": 0.5,
                    "fluid": true,
                    "viewerOptions": {
                        "container": "{context.ReactSwipe}"
                    }
                }
            }, {
                "name": "Locate",
                "override": {
                    "Toolbar": {
                        "alwaysVisible": true
                    }
                }
            }, "Home", {
                "name": "TOC",
                "cfg": {
                    "activateMetedataTool": false,
                    "activateMapTitle": false,
                    "activateSortLayer": false,
                    "activateLayerFilterTool": false,
                    "activateQueryTool": false
                }
            }, "AddGroup", {
                "name": "TOCItemsSettings",
                "cfg": {
                    "width": 300
                }
            }, {
                "name": "Tutorial",
                "cfg": {
                    "preset": "default_mobile_tutorial"
                }
            }, {
                "name": "Settings",
                "cfg": {
                    "wrap": true
                }
            }, {
                "name": "Search",
                "cfg": {
                  "showOptions": false,
                  "withToggle": ["max-width: 768px", "min-width: 768px"]
                }
            }, {
                "name": "Toolbar",
                "id": "NavigationBar",
                "cfg": {
                    "id": "navigationBar"
                }
            }, "ZoomAll", {
                "name": "MapLoading",
                "override": {
                    "Toolbar": {
                        "alwaysVisible": true
                    }
                }
            }, {
                "name": "FullScreen",
                "override": {
                    "Toolbar": {
                        "alwaysVisible": false
                    }
                }
            }, "Login",
            "OmniBar", "BurgerMenu", "Expander", "GlobeViewSwitcher", {
              "name": "Cookie",
              "cfg": {
                "externalCookieUrl" : "",
                "declineUrl" : "http://www.google.com"
              }
            },
            "FeedbackMask"
        ],
        "desktop": ["Details", {
          "name": "RTGEExtension",
          "cfg": {
            "rtgeBackendURLPrefix": "",
            "rtgeGridLayerId": "ref_topo:rtge_carroyage",
            "rtgeGridLayerName": "ref_topo:rtge_carroyage",
            "rtgeGridLayerTitle": "RTGE : Carroyage au 1/200",
            "rtgeGridLayerProjection": "EPSG:3948",
            "rtgeGridLayerGeometryAttribute": "shape",
            "rtgeEmailUrl": "/console/emailProxy",
            "rtgeUserDetailsUrl": "/console/account/userdetails",
            "rtgeUserRolesUrl": "/mapstore/rest/geostore/users/user/details?includeattributes=true",
            "rtgeHomeText": "<h2>Outil d'extraction de dalles du Référentiel Topographique très Grande Échelle (RTGE).</h2><h3>Limites et conditions d'utilisation</h3><p>Les données du RTGE consultables ici le sont à titre informatif uniquement et ne garantissent pas la mise à jour récente de ces dernières.<br>Il n'est pas possible de garantir sur cet outil des mesures de précision topographique sur les données. Il faut se reporter sur les outils spécialisés pour ce genre d'exploitation (AutoCAD, TopStation).<br>Les données de sous-sol concernant les réseaux sont en accès restreint. La possibilité de consulter ces données (sur demande validée par votre responsable hiérarchique) ne vous dispense pas de faire toutes les démarches nécessaires à un projet, notamment les demandes de DT/DICT. Contacter le service Information Géographique si vous avez besoin de consulter les données de réseaux du sous-sol.<br><b>Il est strictement interdit de diffuser la donnée de sous-sol (réseaux)</b></p><h3>Principe d'utilisation</h3><p>Les données du RTGE sont découpées en dalle de 140x200m qui couvrent Rennes Métropole.<br>Une demande d'extraction se formule donc sous la forme d'une liste de dalles.<br>La demande sera traitée par le service Information Géographique qui vous renverra 1 fichier DXF.<br>La limite du nombre de dalles maximum par demande est de 50.<br>Les données réseaux schématiques ne sont pas transmises par défaut. Si vous les souhaitez, merci de cocher l'option et un fichier séparé vous sera transmis.<br><b>Lire la métadonnée sur la schématique : ces données ne sont pas issues de récolement et indiquent seulement la présence de réseaux dans la rue. Cette donnée n'est pas précise ne doit en aucun cas servir pour des projets opérationnels.</b></p><h3>Mode d'emploi</h3><p>1. Utiliser 1 des 3 outils de sélection pour sélectionner les dalles dont vous avez besoin. Affiner votre sélection si nécessaire (ajouter / supprimer).<br>2. Cliquer sur le bouton 'Envoi'<br>3. Remplir les champs et motiver votre demande en indiquant le projet d'aménagement ou le besoin.<br>4. Préciser si cela concerne les données de surface et/ou de sous-sol<br>5. Valider la demande</p>",
            "rtgeMailTemplate": "Bonjour,\n\n{{first_name}} {{last_name}} ({{email}} - {{tel}} - {{service}} - {{company}}) a effectué une demande d'extraction de données.\nSous-sol: {{underground}} rôle sous-sols: {{undergroundDataIsRequired}}\nSurface: {{aboveground}}\nRéseaux Schématiques: {{schematicalnetwork}}\n\nMotivations: {{comments}}\n\nLes dalles concernées sont les suivantes:\n\n{{tiles}}",
            "rtgeMailRecipients": ["sigsupport@rennesmetropole.fr"],
            "rtgeMailSubject": "[RTGE] nouvelle demande concernant {{count}} dalles",
            "rtgeMaxTiles": "50",
            "rtgeTileIdAttribute": "id_case",
            "rtgeTilesAttributes": [
              {
                "attribute": "cases_200",
                "title": "Identifiant",
                "colWidth": "col-sm-5"
              },{
                "attribute": "date_der_maj",
                "title": "Date MAJ",
                "colWidth": "col-sm-3"
              },{
                "attribute": "nb_donnees_surf",
                "title": "Nb obj surf",
                "colWidth": "col-sm-2"
              },{
                "attribute": "nb_donnees_ssol",
                "title": "Nb obj ssol",
                "colWidth": "col-sm-2"
              }
            ],
            "rtgeUndergroundDataRoles": ["EL_APPLIS_RMTR_SSOL"]
          }
        },
          {
            "name": "Map",
            "cfg": {
              "mapOptions": {
                "openlayers": {
                  "interactions": {
                    "pinchRotate": false,
                    "altShiftDragRotate": false
                  },
                  "attribution": {
                    "container": "#footer-attribution-container"
                  }
                },
                "leaflet": {
                  "attribution": {
                    "container": "#footer-attribution-container"
                  }
                }
              },
              "toolsOptions": {
                "scalebar": {
                  "container" : "#footer-scalebar-container"
                }
              }
            }
          }, "AutoMapUpdate", "HelpLink", "DrawerMenu", "Version", "Notifications", "BackgroundSelector", "Swipe", {
            "name": "Annotations",
            "cfg": {
              "measurementAnnotationEdit": false
            }
          },
            {
              "name": "Share",
              "cfg": {
                "advancedSettings": {
                  "bbox": true,
                  "centerAndZoom": true
                }
              }
            },
            {
                "name": "Identify",
                "cfg": {
                    "showHighlightFeatureButton": true,
                    "viewerOptions": {
                        "container": "{context.ReactSwipe}"
                    },
                    "showEdit": true
                },
                "override": {
                  "Toolbar": {
                    "position": 11
                  }
                }
            },
            {
                "name": "Locate",
                "override": {
                    "Toolbar": {
                        "alwaysVisible": true
                    }
                }
            }, "Home", "FeatureEditor",
            "LayerDownload",
            "ExportDataResults",
            {
              "name": "QueryPanel",
              "cfg": {
                  "activateQueryTool": true,
                  "spatialOperations": [
                      {"id": "INTERSECTS", "name": "queryform.spatialfilter.operations.intersects"},
                      {"id": "CONTAINS", "name": "queryform.spatialfilter.operations.contains"},
                      {"id": "WITHIN", "name": "queryform.spatialfilter.operations.within"}
                  ],
                  "spatialMethodOptions": [
                      {"id": "Viewport", "name": "queryform.spatialfilter.methods.viewport"},
                      {"id": "BBOX", "name": "queryform.spatialfilter.methods.box"},
                      {"id": "Circle", "name": "queryform.spatialfilter.methods.circle"},
                      {"id": "Polygon", "name": "queryform.spatialfilter.methods.poly"}
                  ]
              }
            }, {
                "name": "TOC",
                "cfg": {
                    "activateMetedataTool": false,
                    "layerOptions": {
                      "legendOptions": {
                        "WMSLegendOptions": "forceLabels:on",
                        "scaleDependent": true,
                        "legendWidth": 12,
                        "legendHeight": 12
                      }
                    }
                }
            },
            "FilterLayer",
            "AddGroup",
            "TOCItemsSettings",
            "Tutorial", "MapFooter", {
                "name": "Measure",
                "cfg": {
                  "defaultOptions": {
                    "showAddAsAnnotation": true
                  }
                }
            }, "Print", "MapImport", {
                "name": "MapExport"
            }, {
                "name": "Settings",
                "cfg": {
                    "wrap": true
                }
            }, {
                "name": "MetadataExplorer",
                "cfg": {
                    "wrap": true
                }
            }, {
              "name": "About",
              "showIn": ["SidebarMenu"]
            }
            , {
              "name": "MousePosition",
              "cfg": {
                "editCRS": true,
                "showLabels": true,
                "showToggle": true,
                "filterAllowedCRS": ["EPSG:4326", "EPSG:3857"],
                "additionalCRS": {}
              }
            }, {
              "name": "CRSSelector",
              "cfg": {
                "additionalCRS": {

                },
                "filterAllowedCRS": [
                  "EPSG:4326",
                  "EPSG:3857"
                ],
                "allowedRoles": [
                  "ADMIN"
                ]
              }
            }, {
                "name": "Search",
                "cfg": {
                  "withToggle": ["max-width: 768px", "min-width: 768px"]
                }
            }, {
                "name": "Toolbar",
                "id": "NavigationBar",
                "cfg": {
                    "id": "navigationBar"
                }
            },
            "ScaleBox", {
              "name":"ZoomAll",
              "override": {
                "Toolbar": {
                  "alwaysVisible": true
                }
              }
            }, {
                "name": "MapLoading",
                "override": {
                    "Toolbar": {
                        "alwaysVisible": true
                    }
                }
            }, {
                "name": "ZoomIn",
                "override": {
                    "Toolbar": {
                        "alwaysVisible": true
                    }
                }
            }, {
                "name": "ZoomOut",
                "override": {
                    "Toolbar": {
                        "alwaysVisible": true
                    }
                }
            }, {
              "name": "Cookie",
              "cfg": {
                "externalCookieUrl" : "",
                "declineUrl" : "http://www.google.com"
                }
            },
            "OmniBar", "Login", "Save", "SaveAs", "SidebarMenu", "Expander", "Undo", "Redo", "FullScreen", "GlobeViewSwitcher", "SearchServicesConfig", "SearchByBookmark", "WidgetsBuilder", "Widgets",
            "WidgetsTray",
            "Timeline",
            "Playback",
            "FeedbackMask",
            "StyleEditor"
        ],
        "embedded": ["Details", {
                "name": "Map",
                "cfg": {
                    "mapOptions": {
                    "openlayers": {
                      "interactions": {
                        "pinchRotate": false,
                        "altShiftDragRotate": false
                      },
                      "attribution": {
                        "container": "#footer-attribution-container"
                      }
                    },
                    "leaflet": {
                      "attribution": {
                        "container": "#footer-attribution-container"
                      }
                    }
                  },
                  "toolsOptions": {
                    "scalebar": {
                      "container" : "#footer-scalebar-container"
                    }
                  }
                }
            }, {
              "name": "DrawerMenu",
              "hide": "{!(request.query && request.query.forceDrawer)}"
              },{
                  "name": "BackgroundSelector",
                  "cfg": {
                      "bottom": 40,
                      "dimensions": {
                      "side": 65,
                      "sidePreview": 65,
                      "frame": 3,
                      "margin": 5,
                      "label": false,
                      "vertical": true
                     }
                  }
              }, {
                "name": "Identify",
                "cfg": {
                    "showFullscreen": true,
                    "position": "bottom",
                    "size": 0.5,
                    "fluid": true,
                    "viewerOptions": {
                        "container": "{context.ReactSwipe}"
                    }
                }
            }, {
                "name": "ZoomAll",
                "override": {
                    "Toolbar": {
                        "alwaysVisible": true
                    }
                }
            }, {
                "name": "Locate",
                "override": {
                    "Toolbar": {
                        "alwaysVisible": true
                    }
                }
            }, {
                "name": "TOC",
                "cfg": {
                    "activateMapTitle": false,
                    "activateSettingsTool": false,
                    "activateMetedataTool": false,
                    "activateRemoveLayer": false
                }

            }, "AddGroup", "MapFooter", {
                "name": "Settings",
                "cfg": {
                    "wrap": true
                }
            }, {
                "name": "Search",
                "cfg": {
                  "showOptions": false,
                  "withToggle": ["max-width: 768px", "min-width: 768px"]
                }
            }, {
                "name": "Toolbar",
                "id": "NavigationBar",
                "cfg": {
                    "id": "navigationBar"
                }
            }, {
                "name": "MapLoading",
                "override": {
                    "Toolbar": {
                        "alwaysVisible": true
                    }
                }
            }, "Cookie",
            "OmniBar", {
                "name": "GoFull",
                "override": {
                    "Toolbar": {
                        "alwaysVisible": true
                    }
                }
            },
            "FeedbackMask"
        ],
        "common": [{
            "name": "OmniBar",
            "cfg": {
                "className": "navbar shadow navbar-home"
            }
        }, {
            "name": "ManagerMenu",
            "cfg": {
                "enableContextManager": true
            }
        }, "Login","Language", "NavMenu", "Attribution", "ScrollTop", "Notifications"],
        "maps": ["HomeDescription", "Fork", "MapSearch", "CreateNewMap", "FeaturedMaps", "ContentTabs",

          {
            "name": "Maps",
            "cfg": {
              "mapsOptions": {
                "start": 0,
                "limit": 12
              },
              "fluid": true
            }
          }, {
            "name": "Dashboards",
            "cfg": {
              "mapsOptions": {
                "start": 0,
                "limit": 12
              },
              "fluid": true
            }
          },
          {
            "name": "GeoStories",
            "cfg": {
              "mapsOptions": {
                "start": 0,
                "limit": 12
              },
              "fluid": true
            }
          },
          {
            "name": "Contexts",
            "cfg": {
              "mapsOptions": {
                "start": 0,
                "limit": 12
              },
              "fluid": true
            }
          }
          , "MailingLists", "Footer", {
          "name": "Cookie",
          "cfg": {
            "externalCookieUrl" : "",
            "declineUrl" : "http://www.google.com"
          }
        }],
        "dashboard": [{
            "name": "OmniBar",
            "cfg": {
                "containerPosition": "header",
                "className": "navbar shadow navbar-home"
            }
        }, "Login", "Language", "NavMenu", "DashboardSave", "DashboardSaveAs", "Attribution", "Home", {
          "name": "Share",
          "cfg": {
            "embedPanel": false,
            "advancedSettings": false
          }
        },
          {
          "name": "DashboardEditor",
          "cfg": {
            "catalog": {
              "url": "https://gs-stable.geo-solutions.it/geoserver/csw",
              "type": "csw",
              "title": "GeoSolutions GeoServer CSW",
              "autoload": true
            },
            "containerPosition": "columns"
          }
        }, {
          "name": "QueryPanel",
          "cfg": {
            "toolsOptions": {
              "hideCrossLayer": true,
              "hideSpatialFilter": true
            },
            "containerPosition": "columns"
          }
        }, "BurgerMenu", "Dashboard", "Notifications", {
            "name": "Tutorial",
            "cfg": {
                "allowClicksThruHole": false,
                "containerPosition": "header",
                "preset": "dashboard_tutorial"
            }
        },
        {
            "name": "FeedbackMask",
            "cfg": {
                "containerPosition": "header"
            }
        }],
        "geostory": [
          {
            "name": "OmniBar",
            "cfg": {
              "containerPosition": "header",
              "className": "navbar shadow navbar-home"
            }
          },
          {
            "name": "Tutorial",
            "cfg": {
              "allowClicksThruHole": false,
              "containerPosition": "header",
              "preset": "geostory_view_tutorial"
            }
          },
          "Login",
          "BurgerMenu",
          "Language",
          "NavMenu",
          "Attribution",
          "Home",
          "GeoStory",
          "GeoStorySave",
          "GeoStorySaveAs",
          "MapEditor",
          "MediaEditor",
          {
            "name": "GeoStoryEditor",
            "cfg": {
              "disablePluginIf": "{!!(state('browser') && state('browser').mobile)}",
              "containerPosition": "columns"
            }
          },
          {
            "name": "GeoStoryNavigation",
            "cfg": {
              "containerPosition": "header"
            }
          },
          "Notifications",
          {
            "name": "FeedbackMask",
            "cfg": {
              "containerPosition": "header"
            }
          },
          {
            "name": "Share",
            "cfg": {
              "embedPanel": false,
              "advancedSettings": {
                "homeButton": true,
                "sectionId": true
              }
            }
          }
        ],
        "context-creator": [
          {
            "name": "OmniBar",
            "cfg": {
              "containerPosition": "header",
              "className": "navbar shadow navbar-home"
            }
          },
          "Redirect",
          "Login",
          "Language",
          "NavMenu",
          "Attribution",
          "Tutorial",
          {
              "name": "ContextCreator",
              "cfg": {
                  "documentationBaseURL": "https://mapstore.geo-solutions.it/mapstore/docs/api/plugins",
                  "backToPageDestRoute": "/context-manager",
                  "backToPageConfirmationMessage": "contextCreator.undo"
              }
          },
          "Notifications",
          {
            "name": "FeedbackMask",
            "cfg": {
              "containerPosition": "header"
            }
          }
        ],
        "manager": ["Header", "Redirect", "Manager", "Home", "UserManager", "GroupManager", "Footer"],
        "context-manager": ["Header", "Redirect", "Home", "ContextManager", "Footer"]
    }
}
