{
	"map": {
		"projection": "EPSG:3857",
    "units": "m",
    "center": {"x": -185849.00, "y": 6125632.00, "crs": "EPSG:3857"},
    "zoom": 12,
    "maxExtent": [
      -20037508.34,
      -20037508.34,
      20037508.34,
      20037508.34
    ],
		"layers": [
			{
				"type": "osm",
				"title": "Open Street Map",
				"name": "mapnik",
        "source": "osm",
				"group": "background",
        "visibility": true
			},
      {
        "type": "tileprovider",
        "title": "NASAGIBS Night 2012",
        "provider": "NASAGIBS.ViirsEarthAtNight2012",
        "name": "Night2012",
        "source": "nasagibs",
        "group": "background",
        "visibility": false
      },
      {
        "type": "tileprovider",
        "title": "OpenTopoMap",
        "provider": "OpenTopoMap",
        "name": "OpenTopoMap",
        "source": "OpenTopoMap",
        "group": "background",
        "visibility": false
      },
      {
        "format": "image/jpeg",
        "group": "background",
        "name": "s2cloudless:s2cloudless",
        "opacity": 1,
        "title": "Sentinel 2 Cloudless",
        "type": "wms",
        "url": [
          "https://1maps.geo-solutions.it/geoserver/wms", "https://2maps.geo-solutions.it/geoserver/wms", "https://3maps.geo-solutions.it/geoserver/wms", "https://4maps.geo-solutions.it/geoserver/wms", "https://5maps.geo-solutions.it/geoserver/wms", "https://6maps.geo-solutions.it/geoserver/wms"
        ],
        "source": "s2cloudless",
        "visibility": false,
        "singleTile": false
      },
      {
        "source": "ol",
        "group": "background",
        "title": "Empty Background",
        "fixed": true,
        "type": "empty",
        "visibility": false,
        "args": [
          "Empty Background", {
            "visibility": false
          }
        ]
      },
      {
        "handleClickOnLayer": true,
        "hideLoading": true,
        "id": "ref_topo:rtge_carroyage",
        "name": "ref_topo:rtge_carroyage",
        "title": "RTGE : Carroyage au 1/200",
        "tiled": false,
        "type": "wms",
        "search": {
            "type": "wfs",
            "url": "/geoserver/ref_topo/ows"
        },
        "params": {
            "exceptions": "application/vnd.ogc.se_xml"
        },
        "allowedSRS": "EPSG:3948",
        "format": "image/png",
        "singleTile": false,
        "url": "/geoserver/ref_topo/wms",
        "visibility": true,
        "featureInfo": {
            "format": "PROPERTIES"
        }
      }
		]
	}
}
